15/05/2023;;Deposit;;10,867472;USD;
15/05/2023;FX;Fees;;2;USD;
16/05/2023;XNAS:PESI;Buy;0,6758;11,83782184;USD;A
16/05/2023;XNAS:PESI;Fees;;0,08;USD;A
02/06/2023;XNAS:PESI;Sell;0,6758;11,54;USD;A
02/06/2023;XNAS:PESI;Fees;;0,08;USD;A
09/06/2023;XNAS:TSLA;Buy;0,0282;247,39;USD;A
09/06/2023;XNAS:TSLA;Fees;;0,07;USD;A
13/06/2023;;Deposit;;32,94464;USD;
13/06/2023;FX;Fees;;2;USD;
13/06/2023;XNYS:XYZ;Buy;0,2283;65,7;USD;A
13/06/2023;XNYS:XYZ;Fees;;0,15;USD;A
13/06/2023;XNAS:TSLA;Buy;0,0632;258,71;USD;A
13/06/2023;XNAS:TSLA;Fees;;0,16;USD;A
15/06/2023;;Deposit;;54,16964;USD;
15/06/2023;FX;Fees;;2;USD;
16/06/2023;XNAS:PLTR;Buy;0,625;16,2267;USD;A
16/06/2023;XNAS:PLTR;Fees;;0,1;USD;A
29/06/2023;XNAS:TSLA;Buy;0,1635;258,12;USD;A
29/06/2023;XNAS:TSLA;Fees;;0,42;USD;A
04/07/2023;;Deposit;;54,4825;USD;
04/07/2023;FX;Fees;;2;USD;
05/07/2023;XNAS:ADBE;Buy;0,0824;483,25;USD;G
05/07/2023;XNAS:ADBE;Fees;;0,4;USD;G
06/07/2023;XNYS:XYZ;Buy;0,179;63,95;USD;A
06/07/2023;XNYS:XYZ;Fees;;0,11;USD;A
14/07/2023;;Deposit;;112,365;USD;
14/07/2023;FX;Fees;;2;USD;
14/07/2023;XNAS:TSLA;Buy;0,3876;281,21;USD;A
14/07/2023;XNAS:TSLA;Fees;;1;USD;A
17/07/2023;;Deposit;;100;EUR;
25/07/2023;XNAS:PLTR;Sell;0,625;16,4;USD;A
25/07/2023;XNAS:PLTR;Fees;;0,1;USD;A
25/07/2023;XNYS:XYZ;Sell;0,4073;77,99;USD;A
25/07/2023;XNYS:XYZ;Fees;;0,32;USD;A
14/08/2023;XNAS:TSLA;Buy;0,1681;237,85;USD;A
14/08/2023;XNAS:TSLA;Fees;;0,4;USD;A
18/08/2023;;Deposit;;217,52;USD;
18/08/2023;FX;Fees;;2;USD;
22/08/2023;XPAR:EQS;Buy;1;74;EUR;G
22/08/2023;XPAR:EQS;Fees;;0,37;EUR;G
22/08/2023;XPAR:EQS;Taxes;;0,22;EUR;G
13/09/2023;XNAS:AAPL;Buy;1;175,8;USD;G
13/09/2023;XNAS:AAPL;Fees;;1;USD;G
25/09/2023;;Deposit;;500;EUR;
02/10/2023;XPAR:DG;Buy;1;105,28;EUR;N
02/10/2023;XPAR:DG;Fees;;0,53;EUR;N
02/10/2023;XPAR:DG;Taxes;;0,32;EUR;N
06/11/2023;XPAR:ITP;Buy;2;45,3;EUR;N
06/11/2023;XPAR:ITP;Fees;;0,45;EUR;N
06/11/2023;XPAR:ITP;Taxes;;0,27;EUR;N
16/11/2023;XPAR:DG;Dividends;;1,05;EUR;N
16/11/2023;XNAS:AAPL;Dividends;;0,2;USD;G
06/12/2023;XPAR:ITP;Buy;4;49,6;EUR;N
06/12/2023;XPAR:ITP;Fees;;0,3;EUR;N
06/12/2023;XPAR:ITP;Taxes;;0,6;EUR;N
06/12/2023;XNAS:TSLA;Buy;0,168;243;USD;A
06/12/2023;XNAS:TSLA;Fees;;0,41;USD;A
06/12/2023;XPAR:EQS;Sell;1;60,6;EUR;
06/12/2023;XPAR:EQS;Fees;;0,99;EUR;
15/02/2024;XNAS:AAPL;Dividends;;0,2;USD;
16/05/2024;XNAS:AAPL;Dividends;;0,21;USD;
25/04/2024;XPAR:DG;Dividends;;3,45;EUR;
30/04/2024;XPAR:ITP;Dividends;;6,9;EUR;
25/07/2024;XPAR:ITP;Other;;27,5;EUR;
15/08/2024;XNAS:AAPL;Dividends;;0,21;USD;G
17/10/2024;XPAR:DG;Dividends;;1,05;EUR;
31/10/2024;XNAS:ADBE;Sell;0,0824;478,93;USD;G
31/10/2024;XNAS:ADBE;Fees;;0,4;USD;G
31/10/2024;XNAS:TSLA;Sell;0,9786;250,17;USD;A
31/10/2024;XNAS:TSLA;Fees;;1,01;USD;A
01/11/2024;XLON:QQQ3;Buy;1;212,36;USD;A
01/11/2024;XLON:QQQ3;Fees;;4;USD;A
01/11/2024;XNAS:AAPL;Buy;0,2667;225,14;USD;G
01/11/2024;XNAS:AAPL;Fees;;0,6;USD;G
14/11/2024;XNAS:AAPL;Dividends;;0,27;USD;G
26/11/2024;;Deposit;;4596,13775;USD;
26/11/2024;FX;Fees;;2;USD;
02/12/2024;XPAR:ITP;Sell;6;39,5;EUR;N
02/12/2024;XPAR:ITP;Fees;;1,16;EUR;N
02/12/2024;XPAR:DG;Sell;1;97,96;EUR;N
02/12/2024;XPAR:DG;Fees;;0,49;EUR;N
02/12/2024;;Deposit;;320;EUR;
03/12/2024;XPAR:RBT;Buy;1;872;EUR;N
03/12/2024;XPAR:RBT;Fees;;4,29;EUR;N
03/12/2024;XPAR:RBT;Taxes;;2,62;EUR;N
30/12/2024;;Withdrawal;;10;USD;
06/01/2025;;Withdrawal;;100;USD;
10/01/2025;;Withdrawal;;250;USD;
10/01/2025;Transfer;Fees;;1;USD;
13/02/2025;XNAS:AAPL;Dividends;;0,32;USD;G
10/03/2025;;Withdrawal;;1099,99;USD;
10/03/2025;FX;Fees;;2;USD;
13/03/2025;;Deposit;;886,38;EUR;
13/03/2025;XPAR:AM;Buy;3;294;EUR;N
13/03/2025;XPAR:AM;Fees;;4,33;EUR;N
13/03/2025;XPAR:AM;Taxes;;2,65;EUR;N
25/03/2025;XPAR:RBT;Sell;1;800;EUR;N
25/03/2025;XPAR:RBT;Fees;;3,94;EUR;N
26/03/2025;XAMS:THEON;Buy;2;23,6;EUR;A
26/03/2025;XAMS:THEON;Fees;;0,24;EUR;A
26/03/2025;XPAR:GTT;Buy;5;146,9;EUR;N
26/03/2025;XPAR:GTT;Fees;;3,58;EUR;N
26/03/2025;XPAR:GTT;Taxes;;2,2;EUR;N
04/04/2025;XNAS:AAPL;Buy;1;193,3;USD;G
04/04/2025;XNAS:AAPL;Fees;;1;USD;G
04/04/2025;XNAS:NVDA;Buy;1;98,62;USD;G
04/04/2025;XNAS:NVDA;Fees;;0,99;USD;G
07/04/2025;XNAS:NVDA;Sell;1;97,64;USD;G
07/04/2025;XNAS:NVDA;Fees;;1;USD;G
08/04/2025;XNAS:AAPL;Sell;2,2667;184,6;USD;G
08/04/2025;XNAS:AAPL;Fees;;1,01;USD;G
16/04/2025;XNAS:NVDA;Buy;10;103,5;USD;G
16/04/2025;XNAS:NVDA;Fees;;1;USD;G
16/04/2025;XNYS:RDDT;Buy;3,1917;93,99219194;USD;A
16/04/2025;XNYS:RDDT;Fees;;1;USD;A
21/04/2025;XNAS:NVDA;Buy;5;96,3;USD;G
21/04/2025;XNAS:NVDA;Fees;;1;USD;G
21/04/2025;XNAS:LYFT;Buy;13;10,88;USD;A
21/04/2025;XNAS:LYFT;Fees;;1;USD;A
02/05/2025;XLON:QQQ3;Buy;1;171,72;USD;A
02/05/2025;XLON:QQQ3;Fees;;4;USD;A
02/05/2025;XNAS:NVDA;Buy;5;114;USD;G
02/05/2025;XNAS:NVDA;Fees;;1;USD;G
02/05/2025;XNYS:RDDT;Buy;1,8083;118,1401095;USD;A
02/05/2025;XNYS:RDDT;Fees;;1;USD;A
02/05/2025;XNAS:LYFT;Buy;12;12,65;USD;A
02/05/2025;XNAS:LYFT;Fees;;1;USD;A
02/05/2025;XLON:QQQ3;Buy;1;175,46;USD;A
02/05/2025;XLON:QQQ3;Fees;;4;USD;A
04/05/2025;;Deposit;;12,45;USD;
04/05/2025;FX;Fees;;2;USD;
05/05/2025;XNYS:RDDT;Buy;1;111,98;USD;A
05/05/2025;XNYS:RDDT;Fees;;1;USD;A
06/05/2025;;Deposit;;3,4;USD;
22/05/2025;XPAR:AM;Dividends;;14,16;EUR;N
19/06/2025;XPAR:GTT;Dividends;;19,15;EUR;N
27/06/2025;XAMS:THEON;Dividends;;0,68;EUR;A
30/06/2025;;Deposit;;1330;EUR;
30/06/2025;XAMS:ASML;Buy;2;679,4;EUR;G
30/06/2025;XAMS:ASML;Fees;;6,67;EUR;G